PG,FM,Wilayah,SEKSI,Neto,Hasil,Umur Tanaman,Penanggungjawab,Kode Aktf,ACTIVITAS,KATEGORI,TK/HA, TOTAL TK 
3,5,16,506C1,7.36,7.36,10.9,Etri 1,1315111111,Weeding man.,Bersih,4,29.44
3,5,16,506C2,10.88,10.88,10.5,Etri 1,1315111111,Weeding man.,Ringan,4,43.52
3,5,16,505B,13.05,13.05,14.2,Etri 1,1315111111,Weeding man.,Ringan,4,52.2
3,5,16,505F,7.31,7.31,12.1,Etri 1,1315111111,Weeding man.,Ringan,4,29.24
3,5,16,506B1,11.28,11.28,16.3,Etri 1,1315111111,Weeding man.,Ringan,4,45.12
3,5,16,505C,3.95,3.95,1.4,Etri 1,1315111111,Weeding man.,Ringan,4,15.8
3,5,16,509A2,6.76,6.76,8.9,Etri 1,1315111111,Weeding man.,Ringan,4,27.04
3,5,16,511I,10.29,9.36,1,Etri 1,1315111111,Weeding man.,Ringan,4,37.44
3,5,16,509C1,4.47,4.47,13.7,Etri 1,1315111111,Weeding man.,Ringan,4,17.88
3,5,16,509C2,4.43,4.43,13.6,Etri 1,1315111111,Weeding man.,Ringan,4,17.72
3,5,16,502F1,10.02,10.02,12.3,Etri 1,1315111111,Weeding man.,Ringan,4,40.08
3,5,16,501C1,11.51,11.51,6.9,Etri 1,1315111111,Weeding man.,Ringan,4,46.04
3,5,16,501C2,8.92,8.92,6.4,Etri 1,1315111111,Weeding man.,Ringan,4,35.68
3,5,16,502E,7.24,7.24,12.3,Etri 1,1315111111,Weeding man.,Ringan,4,28.96
3,5,16,502A1,6.12,6.12,4.6,Etri 1,1315111111,Weeding man.,Ringan,4,24.48
3,5,16,502A2,9.69,9.69,4.7,Etri 1,1315111111,Weeding man.,Ringan,4,38.76
3,5,16,5.07E+04,4.72,4.56,0.5,Widi,1317111113,Perbaikan saluran man.  <prw.drain.>,Ringan,1.5,7
3,5,16,5.07E+03,4.11,4.11,0.5,Widi,1317111113,Perbaikan saluran man.  <prw.drain.>,Bersih,1.7,7
3,5,16,507A1,7.21,7.27,0.5,Widi,1317111113,Perbaikan saluran man.  <prw.drain.>,Bersih,1,7
3,5,16,507A2,4.39,4.26,0.5,Widi,1317111113,Perbaikan saluran man.  <prw.drain.>,Bersih,1.6,7
3,5,16,501B3,7.49,7.49,0.3,Widi,1317111113,Perbaikan saluran man.  <prw.drain.>,Bersih,0.9,7
3,5,16,504A4,5.75,5.75,6.1,Widi,1317111113,Perbaikan saluran man.  <prw.drain.>,Bersih,1.2,7
3,5,16,502A2,9.69,9.69,4.7,Widi,1317111113,Perbaikan saluran man.  <prw.drain.>,Bersih,0.7,7
3,5,16,511A,9.14,8.22,1.1,Widi,1317111113,Perbaikan saluran man.  <prw.drain.>,Bersih,0.9,7
3,5,16,509D1,6.3,6.3,0.5,Widi,1317111113,Perbaikan saluran man.  <prw.drain.>,Bersih,1.1,7
3,5,16,509D2,9.42,9.42,4.4,Widi,1317111113,Perbaikan saluran man.  <prw.drain.>,Bersih,0.7,7
3,5,16,505G,10.94,7.11,4.5,Etri 2,1315131513,Herbisida spot man.,Bersih,2,14.22
3,5,16,505F,7.31,4.75,12.1,Etri 2,1315131513,Herbisida spot man.,Bersih,2,9.5
3,5,16,507B1,4.3,2.8,8.7,Etri 2,1315131513,Herbisida spot man.,Bersih,2,5.59
3,5,16,507B2,3.03,1.97,8.6,Etri 2,1315131513,Herbisida spot man.,Bersih,2,3.94
3,5,16,507B3,2.79,1.81,8.6,Etri 2,1315131513,Herbisida spot man.,Bersih,2,3.63
3,5,16,507B4,2.83,1.84,8.5,Etri 2,1315131513,Herbisida spot man.,Bersih,2,3.68
3,5,16,503F1,13.08,8.5,2.2,Etri 2,1315131513,Herbisida spot man.,Bersih,2,17
3,5,16,504A1,3.73,2.42,6.7,Etri 2,1315131513,Herbisida spot man.,Bersih,2,4.85
3,5,16,504A4,5.75,3.74,6.1,Etri 2,1315131513,Herbisida spot man.,Bersih,2,7.48
3,5,16,504A3,3.45,2.24,6.4,Etri 2,1315131513,Herbisida spot man.,Bersih,2,4.49
3,5,16,511I,10.29,6.08,1,Etri 2,1315131513,Herbisida spot man.,Bersih,2,12.17
3,5,16,509F,11.52,7.49,4.6,Etri 2,1315131513,Herbisida spot man.,Bersih,2,14.98
3,5,16,511A,9.14,5.34,1.1,Etri 2,1315131513,Herbisida spot man.,Bersih,2,10.69
3,5,16,503E,13.16,8.55,4.5,Etri 2,1315131315,Herbisida jalan semi mek.,Bersih,0.4,3
3,5,16,503C,8.58,5.58,6.3,Etri 2,1315131315,Herbisida jalan semi mek.,Bersih,0.5,3
3,5,16,501A,7.89,5.13,3.7,Etri 2,1315131315,Herbisida jalan semi mek.,Bersih,0.6,3
3,5,16,502F1,10.02,6.51,12.3,Etri 2,1315131315,Herbisida jalan semi mek.,Bersih,0.5,3
3,5,16,507H3,4.42,2.87,12.3,Etri 2,1315131315,Herbisida jalan semi mek.,Bersih,1,3
3,5,16,507H4,4.38,2.85,12,Etri 2,1315131315,Herbisida jalan semi mek.,Bersih,1.1,3
3,5,16,507H6,4.58,2.98,12.4,Etri 2,1315131315,Herbisida jalan semi mek.,Bersih,1,3
3,5,16,509D2,9.42,9.42,4.4,Etri 1,1113211111,Collect.seresah/sisa tnm  <p.lhn>,Bersih,2,18.84
3,5,17,512H,10.1,10.1,3.7,Nugroho,1311131115,Pupuk daun tabur man.  <ppk>,Bersih,3,29.64
3,5,17,519E3A,8.96,8.96,0.9,Etri 1,1315111111,Weeding man.,Ringan,4,35.84
3,5,17,520D3,3.81,3.64,11.3,Etri 1,1315111111,Weeding man.,Ringan,3,10.92
3,5,17,520F,12.09,11.45,7,Etri 1,1315111111,Weeding man.,Ringan,4,45.8
3,5,17,513B,3.71,3.71,15.3,Etri 1,1315111111,Weeding man.,Ringan,4,14.84
3,5,17,5.14E+03,7.7,7.54,10,Etri 1,1315111111,Weeding man.,Ringan,3,22.62
3,5,17,5.14E+04,12.69,12.5,10.2,Etri 1,1315111111,Weeding man.,Ringan,3,37.5
3,5,17,514G1,5.03,4.33,8.4,Etri 1,1315111111,Weeding man.,Ringan,3,12.99
3,5,17,518F,12.18,12.18,16.1,Etri 1,1315111111,Weeding man.,Ringan,3,36.54
3,5,17,525A,15.38,15.38,14.1,Etri 1,1315111111,Weeding man.,Ringan,3,46.14
3,5,17,525B1,10.95,10.31,7.5,Etri 1,1315111111,Weeding man.,Ringan,3,30.93
3,5,17,525B2,4.87,4.98,8.4,Etri 1,1315111111,Weeding man.,Ringan,3,14.94
3,5,17,519A,6.55,1.8,1.6,Etri 2,1315131513,Herbisida spot man.,Ringan,4,7.19
3,5,17,5.19E+04,13.33,4,1.4,Etri 2,1315131513,Herbisida spot man.,Ringan,4,16
3,5,17,519E3A,8.96,2.69,0.9,Etri 2,1315131513,Herbisida spot man.,Ringan,4,10.75
3,5,17,519F,7.73,2.21,8.6,Etri 2,1315131513,Herbisida spot man.,Ringan,4,8.84
3,5,17,519G,7.41,2.06,8.5,Etri 2,1315131513,Herbisida spot man.,Ringan,4,8.26
3,5,17,513C1,7.6,2.13,1.3,Etri 2,1315131513,Herbisida spot man.,Ringan,4,8.52
3,5,17,514C,13.36,3.75,4.2,Etri 2,1315131513,Herbisida spot man.,Ringan,4,14.99
3,5,17,514G1,5.03,1.3,8.4,Etri 2,1315131513,Herbisida spot man.,Ringan,4,5.2
3,5,17,516C1,8.95,2.44,1.1,Etri 2,1315131515,Herbisida antar gulud manual,Ringan,4,9.76
3,5,17,518C1,7.67,2.24,3.2,Etri 2,1315131515,Herbisida antar gulud manual,Ringan,4,8.96
3,5,17,518C2,8.74,2.63,3.2,Etri 2,1315131515,Herbisida antar gulud manual,Ringan,4,10.51
3,5,17,520G1,4.76,0.78,8.8,Etri 2,1315131315,Herbisida jalan semi mek.,Ringan,3,2.35
3,5,17,520G2,4.28,0.7,8.7,Etri 2,1315131315,Herbisida jalan semi mek.,Ringan,3,2.11
3,5,17,520H,11.01,2.2,0.2,Etri 2,1315131315,Herbisida jalan semi mek.,Ringan,3,6.61
3,5,17,5.14E+03,7.7,1.51,10,Etri 2,1315131315,Herbisida jalan semi mek.,Ringan,3,4.52
3,5,17,5.14E+04,12.69,2.5,10.2,Etri 2,1315131315,Herbisida jalan semi mek.,Ringan,3,7.5
3,5,17,514H1,7.09,1.42,3.1,Etri 2,1315131315,Herbisida jalan semi mek.,Ringan,3,4.25
3,5,17,515F1,6.04,1.1,9.1,Etri 2,1315131315,Herbisida jalan semi mek.,Ringan,3,3.3
3,5,17,518F,12.18,2.44,16.1,Etri 2,1315131315,Herbisida jalan semi mek.,Ringan,3,7.31
3,5,17,525B1,10.95,2.06,7.5,Etri 2,1315131315,Herbisida jalan semi mek.,Ringan,3,6.19
3,5,17,525F2,8.61,1.71,4.2,Etri 2,1315131315,Herbisida jalan semi mek.,Ringan,3,5.14
3,5,17,512G,4.56,0.81,1.9,Etri 2,1315131517,Herb.border/perimeter man.,Ringan,3,2.44
3,5,17,512H,10.1,1.98,3.7,Etri 2,1315131517,Herb.border/perimeter man.,Ringan,3,5.93
3,5,17,512I,10.87,2.17,13.5,Etri 2,1315131517,Herb.border/perimeter man.,Ringan,3,6.52
3,5,17,512J,11.83,2.25,7.6,Etri 2,1315131517,Herb.border/perimeter man.,Ringan,3,6.76
3,5,17,513A1,9.55,1.91,9.9,Etri 2,1315131517,Herb.border/perimeter man.,Ringan,3,5.73
3,5,17,514F1,6.66,1.33,4,Etri 2,1315131517,Herb.border/perimeter man.,Ringan,3,4
3,5,17,514F2,6.96,1.39,3.3,Etri 2,1315131517,Herb.border/perimeter man.,Ringan,3,4.18
3,5,17,515F1,6.04,1.1,9.1,Etri 2,1315131517,Herb.border/perimeter man.,Ringan,3,3.3
3,5,17,518C1,7.67,1.49,3.2,Etri 2,1315131517,Herb.border/perimeter man.,Ringan,3,4.48
3,5,17,518C2,8.74,1.75,3.2,Etri 2,1315131517,Herb.border/perimeter man.,Ringan,3,5.26
3,5,17,525B1,10.95,2.06,7.5,Etri 2,1315131517,Herb.border/perimeter man.,Ringan,3,6.19
3,5,17,525B2,4.87,1,8.4,Etri 2,1315131517,Herb.border/perimeter man.,Ringan,3,2.99
3,5,17,525F2,8.61,1.71,4.2,Etri 2,1315131517,Herb.border/perimeter man.,Ringan,3,5.14
3,5,17,5.20E+03,7.63,2.29,1.1,Etri 2,1113111113,Herbisida bongkar man./spot,Ringan,4,9.16
3,5,17,5.20E+04,8.74,2.62,1.1,Etri 2,1113111113,Herbisida bongkar man./spot,Ringan,4,10.49
3,5,17,520C2,5,1.5,0.1,Etri 2,1113111113,Herbisida bongkar man./spot,Ringan,4,6
3,5,17,513A2,7.61,2.28,1.1,Etri 2,1113111113,Herbisida bongkar man./spot,Ringan,4,9.13
3,5,17,513A3,9.4,2.82,1.1,Etri 2,1113111113,Herbisida bongkar man./spot,Ringan,4,11.28
3,5,17,515A,7.4,2.22,0.7,Etri 2,1113111113,Herbisida bongkar man./spot,Ringan,4,8.88
3,5,17,512E,12.57,4.68,3,Widi,1317111113,Perbaikan saluran man.  <prw.drain.>,Ringan,4,18.72
3,5,17,512J,11.83,4.51,7.6,Widi,1317111113,Perbaikan saluran man.  <prw.drain.>,Ringan,4,18.03
3,5,17,519A,6.55,2.4,1.6,Widi,1317111113,Perbaikan saluran man.  <prw.drain.>,Ringan,4,9.58
3,5,17,520F,12.09,4.58,7,Widi,1317111113,Perbaikan saluran man.  <prw.drain.>,Ringan,4,18.32
3,5,17,513C1,7.6,2.84,1.3,Widi,1317111113,Perbaikan saluran man.  <prw.drain.>,Ringan,4,11.36
3,5,17,513C2,8.69,3.48,2.5,Widi,1317111113,Perbaikan saluran man.  <prw.drain.>,Ringan,4,13.9
3,5,17,518C1,7.67,2.99,3.2,Widi,1317111113,Perbaikan saluran man.  <prw.drain.>,Ringan,4,11.95
3,5,17,518C2,8.74,3.5,3.2,Widi,1317111113,Perbaikan saluran man.  <prw.drain.>,Ringan,4,14.02
3,5,17,518G,13.23,5.23,8.5,Widi,1317111113,Perbaikan saluran man.  <prw.drain.>,Ringan,4,20.91
3,5,17,525B1,10.95,4.12,7.5,Widi,1317111113,Perbaikan saluran man.  <prw.drain.>,Ringan,4,16.5
3,5,17,525F2,8.61,3.42,4.2,Widi,1317111113,Perbaikan saluran man.  <prw.drain.>,Ringan,4,13.7
3,5,17,516C1,8.95,3.25,1.1,Widi,1317111113,Perbaikan saluran man.  <prw.drain.>,Ringan,4,13.01
3,5,17,512E,12.57,4.68,3,Widi,1317111115,Perbaikan jln man.  <prw.drain.>,Ringan,4,18.72
3,5,17,512J,11.83,4.51,7.6,Widi,1317111115,Perbaikan jln man.  <prw.drain.>,Ringan,4,18.03
3,5,17,519A,6.55,2.4,1.6,Widi,1317111115,Perbaikan jln man.  <prw.drain.>,Ringan,4,9.58
3,5,17,520F,12.09,4.58,7,Widi,1317111115,Perbaikan jln man.  <prw.drain.>,Ringan,4,18.32
3,5,17,514C,13.36,5,4.2,Widi,1317111115,Perbaikan jln man.  <prw.drain.>,Ringan,4,19.98
3,5,17,514D,6.9,2.76,3.9,Widi,1317111115,Perbaikan jln man.  <prw.drain.>,Ringan,4,11.02
3,5,17,514H1,7.09,2.84,3.1,Widi,1317111115,Perbaikan jln man.  <prw.drain.>,Ringan,4,11.34
3,5,17,513C2,8.69,2,2.5,Widi,6111191115,Pasang gorong-2  <prw.drain>,Ringan,4,8
3,5,17,514F2,6.96,2,3.3,Widi,6111191115,Pasang gorong-2  <prw.drain>,Ringan,4,8
3,5,17,516C1,8.95,4,1.1,Widi,1117131111,Buat patok/ajir/tanda tanam,Ringan,2,8
3,5,17,518C1,7.67,4,3.2,Widi,1117131111,Buat patok/ajir/tanda tanam,Bersih,2,8
3,5,17,518C2,8.74,4,3.2,Widi,1117131111,Buat patok/ajir/tanda tanam,Bersih,2,8
3,5,17,525B1,10.95,4,7.5,Widi,1117131111,Buat patok/ajir/tanda tanam,Bersih,2,8
3,5,17,525F2,8.61,4,4.2,Widi,1117131111,Buat patok/ajir/tanda tanam,Bersih,2,8
3,5,17,514H1,7.09,4,3.1,Widi,1117131111,Buat patok/ajir/tanda tanam,Bersih,2,8
3,5,17,512E,12.57,4,3,Widi,1117271311,Perbaikan tegakan tanam,Bersih,2,8
3,5,17,519A,6.55,4,1.6,Widi,1117271311,Perbaikan tegakan tanam,Bersih,2,8
3,5,17,518C1,7.67,4,3.2,Widi,1117271311,Perbaikan tegakan tanam,Bersih,2,8
3,5,17,518C2,8.74,4,3.2,Widi,1117271311,Perbaikan tegakan tanam,Bersih,2,8
3,5,17,525F2,8.61,4,4.2,Widi,1117271311,Perbaikan tegakan tanam,Bersih,2,8
3,5,17,512B1,5.92,2,15.1,Nugroho,1311131311,Pupuk cor /semi mek.  <ppk>,Bersih,4,8
3,5,17,512B2,6.39,3,15.1,Nugroho,1311131311,Pupuk cor /semi mek.  <ppk>,Ringan,4,12
3,5,17,512B3,3.07,3,14.7,Nugroho,1311131311,Pupuk cor /semi mek.  <ppk>,Ringan,4,12
3,5,17,512J,11.83,2,7.6,Nugroho,1311131311,Pupuk cor /semi mek.  <ppk>,Ringan,4,8
3,5,17,514C,13.36,2,4.2,Nugroho,1311131311,Pupuk cor /semi mek.  <ppk>,Ringan,4,8
3,5,17,514G1,5.03,3,8.4,Nugroho,1311131311,Pupuk cor /semi mek.  <ppk>,Ringan,4,12
3,5,17,518C1,7.67,0.75,3.2,Nugroho,1313131111,Eradikasi/cabut tanaman  <Hpt>,Ringan,4,2.99
3,5,17,518C2,8.74,0.88,3.2,Nugroho,1313131111,Eradikasi/cabut tanaman  <Hpt>,Ringan,4,3.5
3,5,17,525F2,8.61,0.86,4.2,Nugroho,1313131111,Eradikasi/cabut tanaman  <Hpt>,Ringan,4,3.42
3,5,17,518C1,7.67,4.48,3.2,Widi,1315111511,Cabut tnm liar  <p.gulma/weed.>,Ringan,5,22.41
3,5,17,518C2,8.74,5.26,3.2,Widi,1315111511,Cabut tnm liar  <p.gulma/weed.>,Sedang,5,26.28
3,5,17,516C1,8.95,4.88,1.1,Widi,1315111511,Cabut tnm liar  <p.gulma/weed.>,Sedang,5,24.39
3,5,17,512E,12.57,2.34,3,Etri 1,1113211115,Muat/buang seresah/sisa tnm  <p.lhn>,Sedang,3.9,3
3,5,17,512F,3.52,0.64,2.6,Etri 1,1113211115,Muat/buang seresah/sisa tnm  <p.lhn>,Ringan,1.1,3
3,5,17,518C1,7.67,1.49,3.2,Etri 1,1113211115,Muat/buang seresah/sisa tnm  <p.lhn>,Bersih,2.5,3
3,5,17,518C2,8.74,1.75,3.2,Etri 1,1113211115,Muat/buang seresah/sisa tnm  <p.lhn>,Ringan,2.9,3
3,5,17,519E3B,6.86,1.37,16.6,30/12/1899,1319111110,Pasang Pagar Perlindungan Buah,Ringan,2.3,3
3,5,18,521E,12.38,"5,000.00",3.3,Widi,1317111113,Perbaikan saluran man.  <prw.drain.>,Ringan,200,25
3,5,18,521B,13.07,"5,000.00",1.6,Widi,1317111113,Perbaikan saluran man.  <prw.drain.>,Berat,200,25
3,5,18,522B1,7.68,"5,000.00",0.1,Widi,1317111113,Perbaikan saluran man.  <prw.drain.>,Berat,200,25
3,5,18,522B2,9.61,"5,000.00",1.6,Widi,1317111113,Perbaikan saluran man.  <prw.drain.>,Berat,200,25
3,5,18,531G7,6.21,"5,000.00",1.8,Widi,1317111113,Perbaikan saluran man.  <prw.drain.>,Berat,200,25
3,5,18,530B1,10.68,"5,000.00",3.4,Widi,1317111113,Perbaikan saluran man.  <prw.drain.>,Berat,200,25
3,5,18,530B2,8.79,"5,000.00",3.5,Widi,1317111113,Perbaikan saluran man.  <prw.drain.>,Berat,200,25
3,5,18,530C,10.21,"5,000.00",6.1,Widi,1317111113,Perbaikan saluran man.  <prw.drain.>,Berat,200,25
3,5,18,530D,12.92,"5,000.00",6.1,Widi,1317111113,Perbaikan saluran man.  <prw.drain.>,Berat,200,25
3,5,18,531C3,9.94,"5,000.00",5,Widi,1317111113,Perbaikan saluran man.  <prw.drain.>,Berat,200,25
3,5,18,531E,12.79,"5,000.00",7.1,Widi,1317111113,Perbaikan saluran man.  <prw.drain.>,Berat,200,25
3,5,18,536B,10.03,"5,000.00",6.6,Widi,1317111113,Perbaikan saluran man.  <prw.drain.>,Berat,200,25
3,5,18,523A1,6.55,"5,000.00",1.1,Widi,1317111113,Perbaikan saluran man.  <prw.drain.>,Berat,200,25
3,5,18,523A2,7.7,"5,000.00",1.1,Widi,1317111113,Perbaikan saluran man.  <prw.drain.>,Berat,200,25
3,5,18,523A3,3.82,"5,000.00",1.1,Widi,1317111113,Perbaikan saluran man.  <prw.drain.>,Berat,200,25
3,5,18,528A,11.49,"5,000.00",2,Widi,1317111113,Perbaikan saluran man.  <prw.drain.>,Berat,200,25
3,5,18,528B,8.11,"5,000.00",1.2,Widi,1317111113,Perbaikan saluran man.  <prw.drain.>,Berat,200,25
3,5,18,527A1,9.93,"5,000.00",2.9,Widi,1317111113,Perbaikan saluran man.  <prw.drain.>,Berat,200,25
3,5,18,527A1,9.93,"1,000.00",2.9,Widi,1117131111,Buat patok/ajir/tanda tanam,Berat,50,20
3,5,18,527A2,5.22,"1,000.00",3,Widi,1117131111,Buat patok/ajir/tanda tanam,Berat,50,20
3,5,18,523G1,6.69,"1,000.00",1.2,Widi,1117131111,Buat patok/ajir/tanda tanam,Berat,50,20
3,5,18,523G2,6.58,"1,000.00",1.2,Widi,1117131111,Buat patok/ajir/tanda tanam,Berat,50,20
3,5,18,521A,11.32,500,9.7,Widi,1117131111,Buat patok/ajir/tanda tanam,Berat,50,10
3,5,18,535C,9.15,"12,000.00",2.1,Nugroho,1313131111,Eradikasi/cabut tanaman  <Hpt>,Berat,350,34.29
3,5,18,527A1,9.93,"12,000.00",2.9,Nugroho,1313131111,Eradikasi/cabut tanaman  <Hpt>,Berat,350,34.29
3,5,18,527A2,5.22,"7,000.00",3,Nugroho,1313131111,Eradikasi/cabut tanaman  <Hpt>,Berat,350,20
3,5,18,535C,9.15,9.15,2.1,Nugroho,1311131113,Pupuk dasar daun tabur man.  <ppk>,Berat,3.5,32.03
3,5,18,528B,8.11,7.81,1.2,Nugroho,1311131113,Pupuk dasar daun tabur man.  <ppk>,Ringan,3.5,27.34
3,5,18,523G1,6.69,6.48,1.2,Nugroho,1311131113,Pupuk dasar daun tabur man.  <ppk>,Ringan,3.5,22.68
3,5,18,523G2,6.58,6.35,1.2,Nugroho,1311131113,Pupuk dasar daun tabur man.  <ppk>,Ringan,3.5,22.23
3,5,18,523A1,6.55,5.77,1.1,Nugroho,1311131113,Pupuk dasar daun tabur man.  <ppk>,Ringan,3.5,20.2
3,5,18,523A2,7.7,6.9,1.1,Nugroho,1311131113,Pupuk dasar daun tabur man.  <ppk>,Ringan,3.5,24.15
3,5,18,523A3,3.82,3.62,1.1,Nugroho,1311131113,Pupuk dasar daun tabur man.  <ppk>,Ringan,3.5,12.67
3,5,18,536C1a,4.46,2.5,11.6,Etri 2,1315131315,Herbisida jalan semi mek.,Ringan,0.8,1.88
3,5,18,536C1b,4.18,2.5,11.3,Etri 2,1315131315,Herbisida jalan semi mek.,Bersih,0.8,1.88
3,5,18,536C1c,3.59,3.5,11.3,Etri 2,1315131315,Herbisida jalan semi mek.,Bersih,0.8,2.63
3,5,18,522C1,11.27,3.5,0.3,Etri 2,1315131315,Herbisida jalan semi mek.,Bersih,0.8,2.63
3,5,18,537C,9.2,3.5,1.2,Etri 2,1315131315,Herbisida jalan semi mek.,Bersih,0.8,2.63
3,5,18,526B1,3.8,1.5,1.6,Etri 2,1315131315,Herbisida jalan semi mek.,Bersih,0.8,1.13
3,5,18,526B2,8.68,3.5,1.6,Etri 2,1315131315,Herbisida jalan semi mek.,Bersih,0.8,2.63
3,5,18,536C2a,4.93,4,9.7,Etri 2,1315131513,Herbisida spot man.,Bersih,2,8
3,5,18,537B2,10.51,3,9.8,Etri 2,1315131513,Herbisida spot man.,Bersih,2,6
3,5,18,5.28E+03,8.98,6,2.9,Etri 2,1315131513,Herbisida spot man.,Bersih,2,12
3,5,18,5.28E+04,9.77,3,3.2,Etri 2,1315131513,Herbisida spot man.,Bersih,2,6
3,5,18,528A,11.49,5,2,Etri 2,1315131513,Herbisida spot man.,Bersih,2,10
3,5,18,523A2,7.7,3,1.1,Etri 2,1315131513,Herbisida spot man.,Bersih,2,6
3,5,18,523A1,6.55,4,1.1,Etri 2,1315131513,Herbisida spot man.,Bersih,2,8
3,5,18,531E,12.79,5,7.1,Etri 2,1315131513,Herbisida spot man.,Bersih,2,10
3,5,18,531C3,9.94,5,5,Etri 2,1315131513,Herbisida spot man.,Bersih,2,10
3,5,18,540A,14.88,5,6.6,Etri 2,1315131517,Herb.border/perimeter man.,Bersih,2,10
3,5,18,540B1,9.1,3,12.8,Etri 2,1315131517,Herb.border/perimeter man.,Bersih,2,6
3,5,18,523C,5.65,2,0.2,Etri 2,1315131517,Herb.border/perimeter man.,Bersih,2,4
3,5,18,528C1,6.44,3,9.9,Etri 2,1315131517,Herb.border/perimeter man.,Bersih,2,6
3,5,18,526B2,8.68,2,1.6,Etri 2,1315131517,Herb.border/perimeter man.,Bersih,2,4
3,5,18,526A1,7.92,2,2.8,Etri 2,1315131517,Herb.border/perimeter man.,Bersih,2,4
3,5,18,536D1,10.04,4,8.6,Etri 2,1315131517,Herb.border/perimeter man.,Bersih,2,8
3,5,18,530B2,8.79,4,3.5,Etri 2,1315131517,Herb.border/perimeter man.,Bersih,2,8
3,5,18,530A,11.34,4,11.5,Etri 2,1315131517,Herb.border/perimeter man.,Bersih,2,8
3,5,18,528A,11.49,11.09,2,Widi,1315111511,Cabut tnm liar  <p.gulma/weed.>,Bersih,10,110.9
3,5,18,528B,8.11,7.81,1.2,Widi,1315111511,Cabut tnm liar  <p.gulma/weed.>,Berat,10,78.1
3,5,18,521B,13.07,12.2,1.6,Widi,1315111511,Cabut tnm liar  <p.gulma/weed.>,Berat,10,122
3,5,18,527A2,5.22,5.22,3,Widi,1315111511,Cabut tnm liar  <p.gulma/weed.>,Berat,7,36.54
3,5,18,522B1,7.68,7.2,0.1,Widi,1315111511,Cabut tnm liar  <p.gulma/weed.>,Sedang,10,72
3,5,18,522B2,9.61,9.19,1.6,Widi,1315111511,Cabut tnm liar  <p.gulma/weed.>,Berat,10,91.9
3,5,18,531B2,5.92,5.92,11.5,Etri 1,1315111111,Weeding man.,Berat,5,29.6
3,5,18,521A,11.32,11.32,9.7,Etri 1,1315111111,Weeding man.,Sedang,4,45.28
3,5,18,522A,12.05,12.05,16.3,Etri 1,1315111111,Weeding man.,Ringan,5,60.25
3,5,18,535B,12.7,12.7,14.3,Etri 1,1315111111,Weeding man.,Sedang,4,50.8
3,5,18,540A,14.88,14.88,6.6,Etri 1,1315111111,Weeding man.,Ringan,4,59.52
3,5,18,528C1,6.44,6.44,9.9,Etri 1,1315111111,Weeding man.,Ringan,4,25.76
3,5,18,526B4,2.39,2.39,2.8,Etri 1,1315111111,Weeding man.,Ringan,4,9.56
3,5,18,536D1,10.04,10.04,8.6,Etri 1,1315111111,Weeding man.,Ringan,5,50.2
3,5,18,536D2,6.54,6.54,8.5,Etri 1,1315111111,Weeding man.,Sedang,5,32.7
3,5,18,526B3,3.54,3.54,4.4,Etri 1,1315111111,Weeding man.,Sedang,4,14.16
3,5,18,537A,8.47,8.47,14.3,Etri 1,1315111111,Weeding man.,Ringan,4,33.88
3,5,18,536C1a,4.46,4.46,11.6,Etri 1,1315111111,Weeding man.,Ringan,5,22.3
3,5,19,541I2,11.23,11.23,3.8,Etri 1,1113211111,Collect.seresah/sisa tnm  <p.lhn>,Sedang,6,67.98
3,5,19,543F2,7.12,7.12,2.3,Etri 1,1113211111,Collect.seresah/sisa tnm  <p.lhn>,Sedang,6,36.54
3,5,19,533H1,8.14,8.14,2.8,Etri 1,1113211111,Collect.seresah/sisa tnm  <p.lhn>,Sedang,6,46.02
3,5,19,533H1,8.14,8.14,2.8,Nugroho,1313131111,Eradikasi/cabut tanaman  <Hpt>,Sedang,2,16.28
3,5,19,533A,10.83,4,11.8,Etri 2,1315131317,Herb.border/perimeter semi mek.,Bersih,0.5,1.5
3,5,19,534C,14.24,4,4.4,Etri 2,1315131317,Herb.border/perimeter semi mek.,Bersih,0.5,2
3,5,19,543F1,7.82,2.35,4.2,Etri 2,1113111113,Herbisida bongkar man./spot,Bersih,2,4.69
3,5,19,543B,7.71,2.31,1.9,Etri 2,1113111113,Herbisida bongkar man./spot,Bersih,2,4.63
3,5,19,546B,7.94,2.38,13.1,Etri 2,1315131315,Herbisida jalan semi mek.,Bersih,2,4.76
3,5,19,5.46E+04,5.66,1.7,2.5,Etri 2,1315131315,Herbisida jalan semi mek.,Bersih,2,3.4
3,5,19,543A1A,5.89,1.77,2.1,Etri 2,1315131315,Herbisida jalan semi mek.,Bersih,2,3.53
3,5,19,543A1B,5.6,1.68,2.1,Etri 2,1315131315,Herbisida jalan semi mek.,Bersih,2,3.36
3,5,19,543A2A,5.86,1.76,2.4,Etri 2,1315131315,Herbisida jalan semi mek.,Bersih,2,3.52
3,5,19,543A2B,4.69,1.41,2.4,Etri 2,1315131315,Herbisida jalan semi mek.,Bersih,2,2.81
3,5,19,542CS,3.77,1.13,2.9,Etri 2,1315131315,Herbisida jalan semi mek.,Bersih,2,2.26
3,5,19,533A,10.83,3.25,11.8,Etri 2,1315131317,Herb.border/perimeter semi mek.,Bersih,2,6.5
3,5,19,534C,14.24,4.27,4.4,Etri 2,1315131317,Herb.border/perimeter semi mek.,Bersih,2,8.54
3,5,19,541C1,8.21,4,0.2,Etri 2,1315131513,Herbisida spot man.,Bersih,4,12
3,5,19,541C2,7.91,4,1.6,Etri 2,1315131513,Herbisida spot man.,Ringan,4,12
3,5,19,541D,9.18,4,6.6,Etri 2,1315131513,Herbisida spot man.,Ringan,4,12
3,5,19,541I2,11.23,4,3.8,Etri 2,1315131513,Herbisida spot man.,Ringan,4,16
3,5,19,532C,7.97,2,2.8,Etri 2,1315131513,Herbisida spot man.,Ringan,4,8
3,5,19,533A,10.83,2,11.8,Etri 2,1315131513,Herbisida spot man.,Ringan,4,12
3,5,19,534C,14.24,2,4.4,Etri 2,1315131513,Herbisida spot man.,Ringan,4,16
3,5,19,541C1,8.21,"3,600.00",0.2,Widi,1317111113,Perbaikan saluran man.  <prw.drain.>,Ringan,0,28.8
3,5,19,541C2,7.91,"3,600.00",1.6,Widi,1317111113,Perbaikan saluran man.  <prw.drain.>,Bersih,0,28.8
3,5,19,541H,13.55,"3,600.00",2.3,Widi,1317111113,Perbaikan saluran man.  <prw.drain.>,Bersih,0,28.8
3,5,19,541I2,11.23,"3,600.00",3.8,Widi,1317111113,Perbaikan saluran man.  <prw.drain.>,Bersih,0,28.8
3,5,19,543F2,7.12,"3,600.00",2.3,Widi,1317111113,Perbaikan saluran man.  <prw.drain.>,Bersih,0,28.8
3,5,19,5.43E+03,7.94,"3,600.00",2.5,Widi,1317111113,Perbaikan saluran man.  <prw.drain.>,Bersih,0,28.8
3,5,19,532C,7.97,"3,600.00",2.8,Widi,1317111113,Perbaikan saluran man.  <prw.drain.>,Bersih,0,28.8
3,5,19,533H1,8.14,"3,600.00",2.8,Widi,1317111113,Perbaikan saluran man.  <prw.drain.>,Bersih,0,28.8
3,5,19,532C,7.97,10.83,2.8,Nugroho,1311131115,Pupuk daun tabur man.  <ppk>,Bersih,3.5,26.22
3,5,19,545A2A,7.01,7.01,13.3,Etri 1,1315111111,Weeding man.,Ringan,3,21.03
3,5,19,545A2B,6.82,6.82,13.5,Etri 1,1315111111,Weeding man.,Ringan,3,20.46
3,5,19,545A1,12.2,12.2,4.2,Etri 1,1315111111,Weeding man.,Ringan,3,36.6
3,5,19,546A1,4.56,4.56,13.1,Etri 1,1315111111,Weeding man.,Ringan,3,13.68
3,5,19,546A2,5.87,5.87,11.3,Etri 1,1315111111,Weeding man.,Ringan,3,17.61
3,5,19,544C1,3.85,3.85,5.3,Etri 1,1315111111,Weeding man.,Ringan,5,19.25
3,5,19,5.43E+03,7.94,7.94,2.5,Etri 1,1315111111,Weeding man.,Sedang,3,22.77
3,5,19,5.43E+04,3.91,3.91,2.4,Etri 1,1315111111,Weeding man.,Ringan,3,11.25
3,5,19,542E,13.9,13.9,16,Etri 1,1315111111,Weeding man.,Ringan,3,41.7
3,5,19,533G1,14.7,14.7,4.3,Etri 1,1315111111,Weeding man.,Ringan,3,44.1
3,5,19,533G2,8.9,8.9,3.7,Etri 1,1315111111,Weeding man.,Ringan,3,26.7
3,5,19,5.33E+04,7.81,7.81,8.5,Etri 1,1315111111,Weeding man.,Ringan,3,23.43
3,6,20,589AS1,7.81,8.47,5.5,Etri 1,1315111111,Weeding man.,Ringan,4,33.88
3,6,20,583C,11.55,11.55,1.1,Etri 1,1315111111,Weeding man.,Ringan,5,57.75
3,6,20,589A2,6.03,6.03,12,Etri 1,1315111111,Weeding man.,Sedang,4,24.12
3,6,20,589D4,3.51,3.51,1.3,Etri 1,1315111111,Weeding man.,Ringan,3,10.53
3,6,20,589D7,6.65,4.5,4.4,Etri 1,1315111111,Weeding man.,Ringan,3,13.5
3,6,20,589A1,5.48,5.48,11.9,Etri 1,1315111111,Weeding man.,Ringan,5,27.4
3,6,20,585A3,4.27,4.27,12.1,Etri 1,1315111111,Weeding man.,Sedang,4,17.08
3,6,20,579F1,8.6,10.16,5.9,Etri 1,1315111111,Weeding man.,Ringan,4,40.64
3,6,20,579A1B,2.42,2.07,5.8,Etri 1,1315111111,Weeding man.,Ringan,3,6.21
3,6,20,586B,8.15,7.35,5.1,Etri 1,1315111111,Weeding man.,Ringan,4,29.4
3,6,20,588A,9.45,8.64,1.9,Etri 1,1315111111,Weeding man.,Ringan,3,25.92
3,6,20,5.84E+05,10.27,4.28,4.1,Etri 1,1315111111,Weeding man.,Ringan,4,17.12
3,6,20,538G,11.23,10.15,2.9,Etri 1,1315111111,Weeding man.,Ringan,3,30.45
3,6,20,547F1,6.21,5.89,0.7,Etri 1,1315111111,Weeding man.,Ringan,3,17.67
3,6,20,547F2,5.53,5.39,0.7,Etri 1,1315111111,Weeding man.,Ringan,3,16.17
3,6,20,548H1,8.85,8.85,10.7,Etri 1,1315111111,Weeding man.,Ringan,3,26.55
3,6,20,548H2,13.49,12.74,7.5,Etri 1,1315111111,Weeding man.,Ringan,3,38.22
3,6,20,579B1,9.85,9.59,4,Widi,1315111511,Cabut tnm liar  <p.gulma/weed.>,Ringan,3,28.77
3,6,20,579B2,13.9,13.08,4.2,Widi,1315111511,Cabut tnm liar  <p.gulma/weed.>,Ringan,3,39.24
3,6,20,585A3,4.27,6.95,12.1,Widi,1315111511,Cabut tnm liar  <p.gulma/weed.>,Ringan,3,20.85
3,6,20,584D1,8.56,6.83,1.1,Widi,1317111113,Perbaikan saluran man.  <prw.drain.>,Ringan,3,20.49
3,6,20,584D2,7.83,6.48,1.1,Widi,1317111113,Perbaikan saluran man.  <prw.drain.>,Ringan,3,19.44
3,6,20,582A1,7.71,17.05,2.5,Widi,1317111113,Perbaikan saluran man.  <prw.drain.>,Ringan,3,51.15
3,6,20,582A2,10.32,17.05,2.8,Widi,1317111113,Perbaikan saluran man.  <prw.drain.>,Ringan,3,51.15
3,6,20,582C,6.41,6.09,1.9,Widi,1317111113,Perbaikan saluran man.  <prw.drain.>,Ringan,3,18.27
3,6,20,588A,9.45,8.64,1.9,Widi,1317111113,Perbaikan saluran man.  <prw.drain.>,Ringan,3,25.92
3,6,20,586B,8.15,7.35,5.1,Widi,1317111113,Perbaikan saluran man.  <prw.drain.>,Ringan,3,22.05
3,6,20,579B1,9.85,9.59,4,Widi,1317111113,Perbaikan saluran man.  <prw.drain.>,Ringan,3,28.77
3,6,20,579B2,13.9,13.08,4.2,Widi,1317111113,Perbaikan saluran man.  <prw.drain.>,Ringan,3,39.24
3,6,20,579F1,8.6,10.16,5.9,Widi,1317111113,Perbaikan saluran man.  <prw.drain.>,Ringan,3,30.48
3,6,20,579A1B,2.42,2.07,5.8,Widi,1317111113,Perbaikan saluran man.  <prw.drain.>,Ringan,3,6.21
3,6,20,579E,9.78,9.17,2.2,Widi,1317111113,Perbaikan saluran man.  <prw.drain.>,Ringan,3,27.51
3,6,20,548H2,13.49,12.74,7.5,Widi,1317111113,Perbaikan saluran man.  <prw.drain.>,Ringan,3,38.22
3,6,20,548H1,8.85,8.85,10.7,Widi,1317111113,Perbaikan saluran man.  <prw.drain.>,Ringan,3,26.55
3,6,20,539A,8.17,7.61,6.6,Widi,1317111113,Perbaikan saluran man.  <prw.drain.>,Ringan,3,22.83
3,6,20,583B,8.27,8.27,6,Etri 2,1315131517,Herb.border/perimeter man.,Ringan,0.8,6.62
3,6,20,583C,11.55,11.55,1.1,Etri 2,1315131517,Herb.border/perimeter man.,Bersih,0.8,9.24
3,6,20,589D4,3.51,3.51,1.3,Etri 2,1315131517,Herb.border/perimeter man.,Bersih,0.8,2.81
3,6,20,589D7,6.65,4.5,4.4,Etri 2,1315131517,Herb.border/perimeter man.,Bersih,0.8,3.6
3,6,20,586D1A,11.2,11.2,14.1,Etri 2,1315131315,Herbisida jalan semi mek.,Bersih,3,3
3,6,20,586C2,6.97,6.97,4.2,Etri 2,1315131315,Herbisida jalan semi mek.,Ringan,3,3
3,6,20,588A,9.45,8.64,1.9,Etri 2,1315131315,Herbisida jalan semi mek.,Ringan,3,3
3,6,20,586B,8.15,7.35,5.1,Etri 2,1315131315,Herbisida jalan semi mek.,Ringan,3,3
3,6,20,580C1,6.19,6.19,6.7,Etri 2,1315131315,Herbisida jalan semi mek.,Ringan,3,3
3,6,20,585B2,8.82,8.52,10,Etri 2,1315131315,Herbisida jalan semi mek.,Ringan,3,3
3,6,20,585B1,4.28,4.06,10.2,Etri 2,1315131315,Herbisida jalan semi mek.,Ringan,3,3
3,6,20,585C,10.67,10.67,0.2,Etri 2,1315131315,Herbisida jalan semi mek.,Ringan,3,3
3,6,20,583C,11.55,11.55,1.1,Etri 2,1315131315,Herbisida jalan semi mek.,Ringan,3,3
3,6,20,585B2,8.82,8.52,10,Etri 2,1315131513,Herbisida spot man.,Ringan,3,3
3,6,20,584C1,6.77,6.77,12.4,Etri 2,1315131513,Herbisida spot man.,Ringan,3,3
3,6,20,584C2,8.5,8.5,12.5,Etri 2,1315131513,Herbisida spot man.,Ringan,3,3
3,6,20,582A1,7.71,17.05,2.5,Etri 2,1315131513,Herbisida spot man.,Ringan,3,6
3,6,20,582A2,10.32,17.05,2.8,Etri 2,1315131513,Herbisida spot man.,Ringan,3,6
3,6,20,582C,6.41,6.09,1.9,Etri 2,1315131513,Herbisida spot man.,Ringan,3,6
3,6,20,588D,7.57,7.12,1.5,Etri 2,1315131513,Herbisida spot man.,Ringan,3,6
3,6,20,589AS1,7.81,8.47,5.5,Etri 2,1315131513,Herbisida spot man.,Ringan,3,6
3,6,20,579F1,8.6,10.16,5.9,Etri 2,1315131513,Herbisida spot man.,Ringan,3,6
3,6,20,579B1,9.85,9.59,4,Etri 2,1315131513,Herbisida spot man.,Ringan,3,6
3,6,20,579B2,13.9,13.08,4.2,Etri 2,1315131513,Herbisida spot man.,Ringan,3,6
3,6,20,579A1B,2.42,2.07,5.8,Etri 2,1315131513,Herbisida spot man.,Ringan,3,6
3,6,20,579E,9.78,9.17,2.2,Etri 2,1315131513,Herbisida spot man.,Ringan,3,6
3,6,20,547A,9.67,9.67,7.3,Etri 2,1315131513,Herbisida spot man.,Ringan,3,6
3,6,20,548G2A,4.38,4.38,3.4,Etri 2,1315131513,Herbisida spot man.,Ringan,3,6
3,6,20,548G2B,4.97,4.97,2.9,Etri 2,1315131513,Herbisida spot man.,Ringan,3,6
3,6,20,548G2C,6.18,6.18,2.4,Etri 2,1315131513,Herbisida spot man.,Ringan,3,6
3,6,20,590A1,10.88,10.88,0.5,Etri 2,1113111113,Herbisida bongkar man./spot,Ringan,3,6
3,6,20,590A2,5.39,5.39,0.5,Etri 2,1113111113,Herbisida bongkar man./spot,Ringan,3,6
3,6,20,589C2,7.82,7.82,1.4,Etri 2,1113111113,Herbisida bongkar man./spot,Ringan,3,6
3,6,20,589B,9.58,9.24,5.5,Nugroho,1311131311,Pupuk cor /semi mek.  <ppk>,Ringan,3,3
3,6,20,585B2,8.82,8.52,10,Nugroho,1311131311,Pupuk cor /semi mek.  <ppk>,Ringan,3,3
3,6,20,585A1,5.16,5.16,12.2,Nugroho,1311131311,Pupuk cor /semi mek.  <ppk>,Ringan,3,3
3,6,20,579F1,8.6,10.16,5.9,Nugroho,1311131311,Pupuk cor /semi mek.  <ppk>,Ringan,3,3
3,6,20,579E,9.78,9.17,2.2,Nugroho,1311131311,Pupuk cor /semi mek.  <ppk>,Ringan,3,3
3,6,20,579A1B,2.42,2.07,5.8,Nugroho,1311131311,Pupuk cor /semi mek.  <ppk>,Ringan,3,3
3,6,20,579B1,9.85,9.59,4,Nugroho,1311131311,Pupuk cor /semi mek.  <ppk>,Ringan,3,3
3,6,20,579B2,13.9,13.08,4.2,Nugroho,1311131311,Pupuk cor /semi mek.  <ppk>,Ringan,3,3
3,6,20,539A,8.17,7.61,6.6,Nugroho,1311131311,Pupuk cor /semi mek.  <ppk>,Ringan,3,3
3,6,20,586B,8.15,7.35,5.1,Nugroho,1311131311,Pupuk cor /semi mek.  <ppk>,Ringan,3,3
3,6,20,547F1,6.21,5.89,0.7,Nugroho,1311131111,Pupuk dasar tabur man.  <ppk>,Ringan,3,17.67
3,6,20,547F2,5.53,5.39,0.7,Nugroho,1311131111,Pupuk dasar tabur man.  <ppk>,Ringan,3,16.17
3,6,20,538G,11.23,10.15,2.9,Nugroho,1311131111,Pupuk dasar tabur man.  <ppk>,Ringan,3,30.45
3,6,20,579E,9.78,9.17,2.2,Nugroho,1311131111,Pupuk dasar tabur man.  <ppk>,Ringan,3,27.51
3,6,20,588B1,8.46,7.58,0.9,Nugroho,1311131111,Pupuk dasar tabur man.  <ppk>,Ringan,3,22.74
3,6,20,588B2,10.32,9.42,1.1,Nugroho,1311131111,Pupuk dasar tabur man.  <ppk>,Ringan,3,28.26
3,6,21,554E2B,6.68,6.68,1.8,Nugroho,1311131115,Pupuk daun tabur man.  <ppk>,Ringan,2,13.36
3,6,21,548D,4.49,4.49,1.8,Nugroho,1311131115,Pupuk daun tabur man.  <ppk>,Bersih,2,8.98
3,6,21,549B1A,5.74,5.74,2.3,Nugroho,1311131115,Pupuk daun tabur man.  <ppk>,Bersih,2,11.48
3,6,21,557F1,3.89,466,2.8,Widi,1317111113,Perbaikan saluran man.  <prw.drain.>,Bersih,233,2
3,6,21,557F2,5.53,466,2.6,Widi,1317111113,Perbaikan saluran man.  <prw.drain.>,Berat,233,2
3,6,21,557A2,8.08,466,1.7,Widi,1317111113,Perbaikan saluran man.  <prw.drain.>,Berat,233,2
3,6,21,557A1B,7.13,466,2,Widi,1317111113,Perbaikan saluran man.  <prw.drain.>,Berat,233,2
3,6,21,557A1A,6.28,466,2.5,Widi,1317111113,Perbaikan saluran man.  <prw.drain.>,Berat,233,2
3,6,21,551F2B,5.67,466,6.1,Widi,1317111113,Perbaikan saluran man.  <prw.drain.>,Berat,233,2
3,6,21,554E2B,6.68,466,1.8,Widi,1317111113,Perbaikan saluran man.  <prw.drain.>,Berat,233,2
3,6,21,554E1A,4.8,466,4.5,Widi,1317111113,Perbaikan saluran man.  <prw.drain.>,Berat,233,2
3,6,21,554E1B,5.87,466,4.4,Widi,1317111113,Perbaikan saluran man.  <prw.drain.>,Berat,233,2
3,6,21,554C1,11.61,466,3.7,Widi,1317111113,Perbaikan saluran man.  <prw.drain.>,Berat,233,2
3,6,21,554C2,6.4,466,3.9,Widi,1317111113,Perbaikan saluran man.  <prw.drain.>,Berat,233,2
3,6,21,552F,6.14,466,4.5,Widi,1317111113,Perbaikan saluran man.  <prw.drain.>,Berat,233,2
3,6,21,551A,6.56,466,4.2,Widi,1317111113,Perbaikan saluran man.  <prw.drain.>,Berat,233,2
3,6,21,551B3,4.45,466,2.8,Widi,1317111113,Perbaikan saluran man.  <prw.drain.>,Berat,233,2
3,6,21,551B4,4.94,466,2.8,Widi,1317111113,Perbaikan saluran man.  <prw.drain.>,Berat,233,2
3,6,21,551C1,6.51,466,4,Widi,1317111113,Perbaikan saluran man.  <prw.drain.>,Berat,233,2
3,6,21,551C2,5.68,466,3.7,Widi,1317111113,Perbaikan saluran man.  <prw.drain.>,Berat,233,2
3,6,21,562A1,7.64,466,3.3,Widi,1317111113,Perbaikan saluran man.  <prw.drain.>,Berat,233,2
3,6,21,562A2,15.78,466,3.5,Widi,1317111113,Perbaikan saluran man.  <prw.drain.>,Berat,233,2
3,6,21,562F1,5.56,466,3.2,Widi,1317111113,Perbaikan saluran man.  <prw.drain.>,Berat,233,2
3,6,21,562F2,9.92,466,3,Widi,1317111113,Perbaikan saluran man.  <prw.drain.>,Berat,233,2
3,6,21,549B2B,5.29,466,2.1,Widi,1317111113,Perbaikan saluran man.  <prw.drain.>,Berat,233,2
3,6,21,549B2A,4.84,466,2.1,Widi,1317111113,Perbaikan saluran man.  <prw.drain.>,Berat,233,2
3,6,21,549B1A,5.74,466,2.3,Widi,1317111113,Perbaikan saluran man.  <prw.drain.>,Berat,233,2
3,6,21,549B3,5.31,466,2.6,Widi,1317111113,Perbaikan saluran man.  <prw.drain.>,Berat,233,2
3,6,21,587E,13.08,466,5.2,Widi,1317111113,Perbaikan saluran man.  <prw.drain.>,Berat,233,2
3,6,21,548D,4.49,466,1.8,Widi,1317111113,Perbaikan saluran man.  <prw.drain.>,Berat,233,2
3,6,21,557A1A,6.28,1.3,2.5,Etri 2,1315131317,Herb.border/perimeter semi mek.,Berat,1,4
3,6,21,557A1B,7.13,1.26,2,Etri 2,1315131317,Herb.border/perimeter semi mek.,Bersih,1,4
3,6,21,557B,5.11,1.04,3.2,Etri 2,1315131317,Herb.border/perimeter semi mek.,Bersih,1,4
3,6,21,557B1,5.11,1.03,3.2,Etri 2,1315131317,Herb.border/perimeter semi mek.,Bersih,1,4
3,6,21,557B2,10.29,2.07,3.2,Etri 2,1315131317,Herb.border/perimeter semi mek.,Bersih,1,4
3,6,21,556B1,13.33,2.78,3.4,Etri 2,1315131317,Herb.border/perimeter semi mek.,Bersih,1,4
3,6,21,556B3,7.07,1.45,2,Etri 2,1315131317,Herb.border/perimeter semi mek.,Bersih,1,4
3,6,21,550B1,5.57,1.11,0.2,Etri 2,1315131317,Herb.border/perimeter semi mek.,Bersih,1,4
3,6,21,550B2,7.62,1.52,0.2,Etri 2,1315131317,Herb.border/perimeter semi mek.,Bersih,1,4
3,6,21,550A1,7.59,1.6,4.2,Etri 2,1315131317,Herb.border/perimeter semi mek.,Bersih,1,4
3,6,21,550A2,8.12,1.65,4,Etri 2,1315131317,Herb.border/perimeter semi mek.,Bersih,1,4
3,6,21,562B1,9.04,1.75,1.1,Etri 2,1315131317,Herb.border/perimeter semi mek.,Bersih,1,4
3,6,21,551A,6.56,1.11,4.2,Etri 2,1315131317,Herb.border/perimeter semi mek.,Bersih,1,4
3,6,21,551C1,6.51,1.31,4,Etri 2,1315131317,Herb.border/perimeter semi mek.,Bersih,1,4
3,6,21,551C2,5.68,1.12,3.7,Etri 2,1315131317,Herb.border/perimeter semi mek.,Bersih,1,4
3,6,21,554C1,11.61,3.31,3.7,Etri 2,1315131315,Herbisida jalan semi mek.,Bersih,1,4
3,6,21,554C2,6.4,1.77,3.9,Etri 2,1315131315,Herbisida jalan semi mek.,Bersih,1,4
3,6,21,552F,6.14,1.81,4.5,Etri 2,1315131315,Herbisida jalan semi mek.,Bersih,1,4
3,6,21,587A1,10.21,3.25,10.3,Etri 2,1315131315,Herbisida jalan semi mek.,Bersih,1,4
3,6,21,587A2,7.92,2.54,9.4,Etri 2,1315131315,Herbisida jalan semi mek.,Bersih,1,4
3,6,21,548A1,7.61,2.45,5.5,Etri 2,1315131315,Herbisida jalan semi mek.,Bersih,1,4
3,6,21,548A2,10.91,3.5,5.5,Etri 2,1315131315,Herbisida jalan semi mek.,Bersih,1,4
3,6,21,549B2B,5.29,1.13,2.1,Etri 2,1315131517,Herb.border/perimeter man.,Bersih,1,4
3,6,21,549B2A,4.84,0.96,2.1,Etri 2,1315131517,Herb.border/perimeter man.,Bersih,1,4
3,6,21,549B1A,5.74,1.19,2.3,Etri 2,1315131517,Herb.border/perimeter man.,Bersih,1,4
3,6,21,549B3,5.31,1.02,2.6,Etri 2,1315131517,Herb.border/perimeter man.,Bersih,1,4
3,6,21,557F1,3.89,0.96,2.8,Etri 2,1315131513,Herbisida spot man.,Bersih,3,2.89
3,6,21,557F2,5.53,1.34,2.6,Etri 2,1315131513,Herbisida spot man.,Ringan,3,4.01
3,6,21,557A1A,6.28,1.95,2.5,Etri 2,1315131513,Herbisida spot man.,Ringan,3,5.85
3,6,21,557A2,8.08,2.12,1.7,Etri 2,1315131513,Herbisida spot man.,Ringan,3,6.37
3,6,21,556B1,13.33,4.18,3.4,Etri 2,1315131513,Herbisida spot man.,Ringan,3,12.53
3,6,21,557A1B,7.13,1.88,2,Etri 2,1315131513,Herbisida spot man.,Ringan,3,5.65
3,6,21,550E2A,4.35,1.31,7,Etri 2,1315131513,Herbisida spot man.,Ringan,3,3.92
3,6,21,550E2B,6.04,1.81,6.6,Etri 2,1315131513,Herbisida spot man.,Ringan,3,5.44
3,6,21,549B1A,5.74,1.79,2.3,Etri 2,1315131513,Herbisida spot man.,Ringan,3,5.37
3,6,21,549B2A,4.84,4.06,2.1,Etri 2,1315131513,Herbisida spot man.,Ringan,3,12.17
3,6,21,549B2B,5.29,1.7,2.1,Etri 2,1315131513,Herbisida spot man.,Ringan,3,5.09
3,6,21,548D,4.49,1.26,1.8,Etri 2,1315131513,Herbisida spot man.,Ringan,3,3.78
3,6,21,554E1A,4.8,1.44,4.5,Etri 2,1315131513,Herbisida spot man.,Ringan,3,4.32
3,6,21,554E1B,5.87,1.76,4.4,Etri 2,1315131513,Herbisida spot man.,Ringan,3,5.28
3,6,21,554E2A,4.42,1.33,9.3,Etri 2,1315131513,Herbisida spot man.,Ringan,3,3.98
3,6,21,554E2B,6.68,1.75,1.8,Etri 2,1315131513,Herbisida spot man.,Ringan,3,5.24
3,6,21,554C1,11.61,3.31,3.7,Etri 2,1315131513,Herbisida spot man.,Ringan,3,9.93
3,6,21,554C2,6.4,1.77,3.9,Etri 2,1315131513,Herbisida spot man.,Ringan,3,5.31
3,6,21,551A,6.56,1.67,4.2,Etri 2,1315131513,Herbisida spot man.,Ringan,3,5
3,6,21,551C1,6.51,1.97,4,Etri 2,1315131513,Herbisida spot man.,Ringan,3,5.91
3,6,21,551C2,5.68,1.68,3.7,Etri 2,1315131513,Herbisida spot man.,Ringan,3,5.04
3,6,21,551B3,4.45,1.34,2.8,Etri 2,1315131513,Herbisida spot man.,Ringan,3,4.01
3,6,21,551B4,4.94,1.45,2.8,Etri 2,1315131513,Herbisida spot man.,Ringan,3,4.35
3,6,21,552F,6.14,1.81,4.5,Etri 2,1315131513,Herbisida spot man.,Ringan,3,5.44
3,6,21,5.56E+04,6.5,2,2.5,Etri 2,1315131513,Herbisida spot man.,Ringan,3,6.01
3,6,21,562E,10.26,1.89,2.2,Nugroho,1311131113,Pupuk dasar daun tabur man.  <ppk>,Ringan,3,5.68
3,6,21,557D,10.1,9.82,10.8,Etri 1,1315111111,Weeding man.,Ringan,3,29.46
3,6,21,557D1,7.93,7.84,11.3,Etri 1,1315111111,Weeding man.,Ringan,3,23.52
3,6,21,557A1A,6.28,6.5,2.5,Etri 1,1315111111,Weeding man.,Ringan,3,19.5
3,6,21,557A1B,7.13,6.28,2,Etri 1,1315111111,Weeding man.,Ringan,3,18.84
3,6,21,556A,12.54,12.29,9.3,Etri 1,1315111111,Weeding man.,Ringan,3,36.87
3,6,21,557A2,8.08,7.08,1.7,Etri 1,1315111111,Weeding man.,Ringan,3,21.24
3,6,21,557D2,9.99,9.53,14.9,Etri 1,1315111111,Weeding man.,Ringan,3,28.59
3,6,21,550E2A,4.35,4.35,7,Etri 1,1315111111,Weeding man.,Ringan,3,13.05
3,6,21,550E2B,6.04,6.04,6.6,Etri 1,1315111111,Weeding man.,Ringan,3,18.12
3,6,21,550D2A,4.58,3.42,9.7,Etri 1,1315111111,Weeding man.,Ringan,4,13.68
3,6,21,550D2B,7.02,5.71,10,Etri 1,1315111111,Weeding man.,Ringan,4,22.84
3,6,21,548A1,7.61,8.17,5.5,Etri 1,1315111111,Weeding man.,Ringan,5,40.85
3,6,21,587F,8.62,9.1,6.8,Etri 1,1315111111,Weeding man.,Sedang,5,45.5
3,6,21,549B1A,5.74,5.97,2.3,Etri 1,1315111111,Weeding man.,Sedang,5,29.85
3,6,21,554E2A,4.42,4.42,9.3,Etri 1,1315111111,Weeding man.,Sedang,3,13.26
3,6,21,554E2B,6.68,5.82,1.8,Etri 1,1315111111,Weeding man.,Ringan,3,17.46
3,6,21,554E1A,4.8,4.8,4.5,Etri 1,1315111111,Weeding man.,Ringan,3,14.4
3,6,21,554E1B,5.87,5.87,4.4,Etri 1,1315111111,Weeding man.,Ringan,3,17.61
3,6,21,554C1,11.61,11.03,3.7,Etri 1,1315111111,Weeding man.,Ringan,3,33.09
3,6,21,554C2,6.4,5.9,3.9,Etri 1,1315111111,Weeding man.,Ringan,3,17.7
3,6,21,5.56E+04,6.5,6.68,2.5,Etri 1,1315111111,Weeding man.,Ringan,3,20.04
3,6,21,562A1,7.64,7.26,3.3,Etri 1,1315111111,Weeding man.,Ringan,3,21.78
3,6,21,562A2,15.78,14.39,3.5,Etri 1,1315111111,Weeding man.,Ringan,3,43.17
3,6,21,562B1,9.04,8.74,1.1,Etri 1,1315111111,Weeding man.,Ringan,3,26.22
3,6,21,562F1,5.56,5.13,3.2,Etri 1,1315111111,Weeding man.,Ringan,3,15.39
3,6,21,562F2,9.92,9.53,3,Etri 1,1315111111,Weeding man.,Ringan,3,28.59
3,6,21,562E,10.26,9.47,2.2,Etri 1,1315111111,Weeding man.,Ringan,3,28.41
3,6,21,587E,13.08,11.93,5.2,Widi,1315111511,Cabut tnm liar  <p.gulma/weed.>,Ringan,5,59.65
3,6,21,588F3A,5.53,1.66,11.9,Etri 1,1319171111,Perlind.bh/tutup bh dgn daun  <prw>,Sedang,4,6.64
3,6,21,588F3B,3.28,0.98,11.9,Etri 1,1319171111,Perlind.bh/tutup bh dgn daun  <prw>,Ringan,4,3.94
3,6,22, 576A2 ,6.1,6.1,1.8,Nugroho,1311131115,Pupuk daun tabur man.  <ppk>,Ringan,2,12.2
3,6,22, 569D2 ,6.78,6.33,1.6,Widi,1317111113,Perbaikan saluran man.  <prw.drain.>,Bersih,233,30
3,6,22, 569A1 ,9.22,8.01,0.2,Widi,1317111113,Perbaikan saluran man.  <prw.drain.>,Berat,233,30
3,6,22, 569A2 ,9.6,8.42,0.2,Widi,1317111113,Perbaikan saluran man.  <prw.drain.>,Berat,233,30
3,6,22, 576A2 ,6.1,5.46,1.8,Widi,1317111113,Perbaikan saluran man.  <prw.drain.>,Berat,233,30
3,6,22, 578D ,10.6,10.15,1.4,Widi,1317111113,Perbaikan saluran man.  <prw.drain.>,Berat,233,30
3,6,22, 577D1 ,11.33,9.96,2.1,Widi,1317111113,Perbaikan saluran man.  <prw.drain.>,Berat,233,30
3,6,22, 570E ,12.68,11.61,1.9,Widi,1317111113,Perbaikan saluran man.  <prw.drain.>,Berat,233,30
3,6,22, 567C1A ,6.94,6.05,1.6,Widi,1317111113,Perbaikan saluran man.  <prw.drain.>,Berat,233,30
3,6,22, 567C1B ,7.33,6.34,1.6,Widi,1317111113,Perbaikan saluran man.  <prw.drain.>,Berat,233,15
3,6,22, 567C2A ,4.26,4.2,1.1,Widi,1317111113,Perbaikan saluran man.  <prw.drain.>,Berat,233,15
3,6,22, 567C2B ,3.6,3.32,0.2,Widi,1317111113,Perbaikan saluran man.  <prw.drain.>,Berat,233,10
3,6,22, 560F1 ,8.09,7.57,2.9,Widi,1317111113,Perbaikan saluran man.  <prw.drain.>,Berat,233,30
3,6,22, 559A1 ,6.01,5.64,0.2,Widi,1317111113,Perbaikan saluran man.  <prw.drain.>,Berat,233,30
3,6,22, 559A2 ,9.42,9.06,0.2,Widi,1317111113,Perbaikan saluran man.  <prw.drain.>,Berat,233,30
3,6,22, 558A1 ,7.08,7.01,1.6,Widi,1317111113,Perbaikan saluran man.  <prw.drain.>,Berat,233,30
3,6,22, 558A2 ,6.56,6.19,1.6,Widi,1317111113,Perbaikan saluran man.  <prw.drain.>,Berat,233,30
3,6,22, 560E ,7.95,7.95,3,Etri 2,1315131517,Herb.border/perimeter man.,Berat,0.3,2.39
3,6,22, 559D2 ,8.15,8.15,3.1,Etri 2,1315131517,Herb.border/perimeter man.,Bersih,0.3,2.45
3,6,22, 567D1 ,11.31,11.31,1.7,Etri 2,1315131517,Herb.border/perimeter man.,Bersih,0.3,3.39
3,6,22, 567D2 ,10.26,10.26,15.4,Etri 2,1315131517,Herb.border/perimeter man.,Bersih,0.3,3.08
3,6,22, 570A ,11.97,11.97,4.2,Etri 2,1315131315,Herbisida jalan semi mek.,Bersih,5,2.39
3,6,22, 568B3 ,9.83,9.83,1.9,Etri 2,1315131315,Herbisida jalan semi mek.,Sedang,5,1.97
3,6,22, 568B4 ,8.97,8.97,0.7,Etri 2,1315131315,Herbisida jalan semi mek.,Sedang,5,1.79
3,6,22, 567H ,8.44,8.44,1.9,Etri 2,1315131315,Herbisida jalan semi mek.,Sedang,5,1.69
3,6,22, 567F1 ,6.85,6.85,9.6,Etri 2,1315131315,Herbisida jalan semi mek.,Sedang,5,1.37
3,6,22, 567F2 ,5.38,5.38,9.5,Etri 2,1315131315,Herbisida jalan semi mek.,Sedang,5,1.08
3,6,22, 567F3 ,6.55,6.55,9.6,Etri 2,1315131315,Herbisida jalan semi mek.,Sedang,5,1.31
3,6,22, 560C1 ,7.23,7.23,5.8,Etri 2,1315131315,Herbisida jalan semi mek.,Sedang,5,1.45
3,6,22, 560C2 ,7.72,7.72,4.8,Etri 2,1315131315,Herbisida jalan semi mek.,Sedang,5,1.54
3,6,22, 559C1 ,8.6,8.6,10.1,Etri 2,1315131315,Herbisida jalan semi mek.,Sedang,5,1.72
3,6,22, 559C2 ,5.11,5.11,10.1,Etri 2,1315131315,Herbisida jalan semi mek.,Sedang,5,1.02
3,6,22, 560F1 ,8.09,7.57,2.9,Etri 2,1315131513,Herbisida spot man.,Sedang,0.5,15.14
3,6,22, 559A1 ,6.01,5.64,0.2,Etri 2,1315131513,Herbisida spot man.,Bersih,0.5,11.28
3,6,22, 559A2 ,9.42,9.06,0.2,Etri 2,1315131513,Herbisida spot man.,Bersih,0.5,18.12
3,6,22, 569D2 ,6.78,6.33,1.6,Nugroho,1313131111,Eradikasi/cabut tanaman  <Hpt>,Bersih,4,25.32
3,6,22, 578D ,10.6,10.15,1.4,Nugroho,1313131111,Eradikasi/cabut tanaman  <Hpt>,Ringan,4,40.6
3,6,22, 567F2 ,5.38,5.38,9.5,Etri 1,1315111111,Weeding man.,Ringan,3,16.14
3,6,22, 568B4 ,8.97,8.97,0.7,Etri 1,1315111111,Weeding man.,Ringan,3,26.91
3,6,22, 567H ,8.44,8.44,1.9,Etri 1,1315111111,Weeding man.,Ringan,3,25.32
3,6,22, 569C1 ,15.78,15.78,5.1,Etri 1,1315111111,Weeding man.,Ringan,3,47.34
3,6,22, 569C2 ,10.62,10.62,5.5,Etri 1,1315111111,Weeding man.,Ringan,3,31.86
3,6,22, 559C1 ,8.6,8.6,10.1,Etri 1,1315111111,Weeding man.,Ringan,3,25.8
3,6,22, 559C2 ,5.11,5.11,10.1,Etri 1,1315111111,Weeding man.,Ringan,3,15.33
3,6,22, 560F1 ,8.09,7.57,2.9,Etri 1,1315111111,Weeding man.,Ringan,3,22.71
3,6,22, 560B ,9.73,9.73,6.1,Etri 1,1315111111,Weeding man.,Ringan,3,29.19
3,6,22, 558D1 ,9.51,9.51,7.2,Etri 1,1315111111,Weeding man.,Ringan,3,28.53
3,6,23, 575A1B ,4.69,4.69,1.1,Nugroho,1311131115,Pupuk daun tabur man.  <ppk>,Ringan,2,9.38
3,6,23, 575A2 ,9.05,9.05,1.1,Nugroho,1311131115,Pupuk daun tabur man.  <ppk>,Bersih,2,18.1
3,6,23, 554G2 ,4.71,1,15.2,Etri 1,1319171111,Perlind.bh/tutup bh dgn daun  <prw>,Bersih,650,5.46
3,6,23, 555D1 ,7.7,5.2,3.5,Widi,1317111113,Perbaikan saluran man.  <prw.drain.>,Berat,200,19.5
3,6,23, 573D ,13.88,5.2,4.2,Widi,1317111113,Perbaikan saluran man.  <prw.drain.>,Berat,200,19.5
3,6,23, 554B1B ,5.65,4,2.1,Widi,1317111113,Perbaikan saluran man.  <prw.drain.>,Berat,200,15
3,6,23,5.65E+03,12.28,3.5,5.2,Widi,1317111113,Perbaikan saluran man.  <prw.drain.>,Berat,200,13.13
3,6,23, 565D2 ,8.76,2.5,4.7,Widi,1317111113,Perbaikan saluran man.  <prw.drain.>,Berat,200,9.38
3,6,23, 561A1 ,10.15,3,5,Widi,1317111113,Perbaikan saluran man.  <prw.drain.>,Berat,200,11.25
3,6,23, 566C ,6.95,1.8,8.8,Widi,1317111113,Perbaikan saluran man.  <prw.drain.>,Berat,200,6.75
3,6,23, 571E ,11.24,5.8,12.4,Widi,1317111113,Perbaikan saluran man.  <prw.drain.>,Berat,200,21.75
3,6,23, 572D1 ,8.48,4.3,2.1,Widi,1317111113,Perbaikan saluran man.  <prw.drain.>,Berat,200,16.13
3,6,23, 574D1 ,7.58,4.3,2.1,Widi,1317111113,Perbaikan saluran man.  <prw.drain.>,Berat,200,16.13
3,6,23,5.65E+03,12.28,1,5.2,Widi,1117131111,Buat patok/ajir/tanda tanam,Berat,170,4.86
3,6,23,5.65E+04,8.89,0.8,1.8,Widi,1117131111,Buat patok/ajir/tanda tanam,Berat,170,3.89
3,6,23, 574D1 ,7.58,1.6,2.1,Widi,1117131111,Buat patok/ajir/tanda tanam,Berat,170,7.77
3,6,23, 572D1 ,8.48,1.8,2.1,Widi,1117131111,Buat patok/ajir/tanda tanam,Berat,170,8.74
3,6,23, 575A1A ,8.34,1.8,0.5,Widi,1117131111,Buat patok/ajir/tanda tanam,Berat,170,8.74
3,6,23, 573D ,13.88,13.88,4.2,Etri 2,1315131513,Herbisida spot man.,Berat,2,27.76
3,6,23, 555D1 ,7.7,7.7,3.5,Etri 2,1315131513,Herbisida spot man.,Bersih,2,15.4
3,6,23, 555D2C ,5.7,5.7,3.1,Etri 2,1315131513,Herbisida spot man.,Bersih,2,11.4
3,6,23, 561C ,13.48,13.48,1.6,Etri 2,1315131513,Herbisida spot man.,Bersih,0.5,6.74
3,6,23, 565A2 ,9.09,9.09,9.7,Etri 2,1315131513,Herbisida spot man.,Bersih,0.5,4.55
3,6,23, 566F1 ,10.41,10.41,9.1,Etri 2,1315131513,Herbisida spot man.,Bersih,0.5,5.21
3,6,23, 575A2 ,9.05,9.05,1.1,Etri 2,1315131513,Herbisida spot man.,Bersih,3,27.15
3,6,23, 575A1B ,4.69,4.69,1.1,Etri 2,1315131513,Herbisida spot man.,Ringan,3,14.07
3,6,23, 554A2 ,6.34,3.8,11.7,Etri 2,1315131517,Herb.border/perimeter man.,Ringan,1,3.8
3,6,23, 554A3 ,7.31,4.39,11.9,Etri 2,1315131517,Herb.border/perimeter man.,Bersih,1,4.39
3,6,23, 555B ,6.85,4.11,4.4,Etri 2,1315131517,Herb.border/perimeter man.,Bersih,1,4.11
3,6,23, 573D ,13.88,8.33,4.2,Etri 2,1315131517,Herb.border/perimeter man.,Bersih,1,8.33
3,6,23, 565D1 ,8.89,5.33,4.4,Etri 2,1315131517,Herb.border/perimeter man.,Bersih,1,5.33
3,6,23,5.65E+04,8.89,5.33,1.8,Etri 2,1315131517,Herb.border/perimeter man.,Bersih,1,5.33
3,6,23,5.66E+03,12.27,7.36,2.8,Etri 2,1315131517,Herb.border/perimeter man.,Bersih,1,7.36
3,6,23, 572B1 ,3.22,1.93,5.2,Etri 2,1315131517,Herb.border/perimeter man.,Bersih,1,1.93
3,6,23, 572B2 ,13.07,7.84,1.9,Etri 2,1315131517,Herb.border/perimeter man.,Bersih,2,15.68
3,6,23, 555D1 ,7.7,200,3.5,Nugroho,1313131111,Eradikasi/cabut tanaman  <Hpt>,Bersih,0.1,10
3,6,23, 573D ,13.88,200,4.2,Nugroho,1313131111,Eradikasi/cabut tanaman  <Hpt>,Bersih,0.1,10
3,6,23, 574D1 ,7.58,7.58,2.1,Widi,1117271311,Perbaikan tegakan tanam,Bersih,3,22.74
3,6,23, 572D1 ,8.48,8.48,2.1,Widi,1117271311,Perbaikan tegakan tanam,Ringan,3,25.44
3,6,23, 554B1A ,3.62,3.62,7.1,Etri 1,1315111111,Weeding man.,Ringan,3,10.86
3,6,23, 554B1B ,5.65,5.65,2.1,Etri 1,1315111111,Weeding man.,Ringan,3,16.95
3,6,23, 554B1C ,3.83,3.83,7.1,Etri 1,1315111111,Weeding man.,Ringan,3,11.49
3,6,23, 555D2C ,5.7,5.7,3.1,Etri 1,1315111111,Weeding man.,Ringan,2,11.4
3,6,23, 566F1 ,10.41,10.41,9.1,Etri 1,1315111111,Weeding man.,Bersih,2,20.82
3,6,23, 565B1 ,8.75,8.75,12.2,Etri 1,1315111111,Weeding man.,Bersih,2,17.5
3,6,23, 565B2 ,7.31,7.31,12.3,Etri 1,1315111111,Weeding man.,Bersih,2,14.62
3,6,23, 565D1 ,8.89,8.89,4.4,Etri 1,1315111111,Weeding man.,Bersih,2,17.78
3,6,23,5.65E+03,12.28,12.28,5.2,Etri 1,1315111111,Weeding man.,Bersih,2,24.56
3,6,23, 575A2 ,9.05,9.05,1.1,Etri 1,1315111111,Weeding man.,Bersih,2,18.1
3,6,23, 575A1B ,4.69,4.69,1.1,Etri 1,1315111111,Weeding man.,Bersih,2,9.38
